{
  "label": "v4 (32B, 2022-23)",
  "n_days": 712,
  "n_crash": 76,
  "auroc_ci": {
    "TRR (news reasoning)": [
      0.5659963588215822,
      0.5007202188844754,
      0.6296906032770605
    ],
    "Fear&Greed": [
      0.6464643330023171,
      0.5796300893743794,
      0.7068453119827872
    ],
    "price-momentum": [
      0.5504696292618337,
      0.48028927714333,
      0.6189651605428665
    ]
  },
  "trr_vs_price_p": 0.3465,
  "leakfree_ensemble": {
    "alpha_trr": 1.0,
    "cal_auroc": 0.528874803618831,
    "test_auroc_ensemble": 0.5773716079838529,
    "test_auroc_trr_only": 0.5773716079838529,
    "cal_days": 356,
    "test_days": 356
  },
  "calibration": {
    "brier": 0.19087429775280898,
    "brier_baserate": 0.09534780961999746,
    "skill_score": -1.0018739655743132
  },
  "precision_at_k": {
    "P@10": 0.3,
    "P@20": 0.15,
    "P@50": 0.14,
    "base_rate": 0.10674157303370786
  },
  "backtest": {
    "strategy": {
      "total_return": 0.04228874445323938,
      "sharpe": 0.2697294137306002,
      "max_drawdown": -0.6146807330140733
    },
    "buy_hold": {
      "total_return": -0.39291167443611896,
      "sharpe": -0.009602589438981363,
      "max_drawdown": -0.7543059401193885
    },
    "time_in_market": 0.47191011235955055
  }
}