{
  "macro_raw_llm": 0.533870140836265,
  "macro_gat": 0.4444134586694409,
  "n_days": 570
}