{
  "price-CALM (mom<median)": {
    "days": 356,
    "crashes": 32,
    "trr_auroc": 0.5576774691358025,
    "ci": [
      0.4531225887345679,
      0.6551625192901234
    ]
  },
  "price-ALARMED (mom>=median)": {
    "days": 356,
    "crashes": 44,
    "trr_auroc": 0.5549606643356643,
    "ci": [
      0.47377076048951056,
      0.6350916011072262
    ]
  }
}