{
  "per_class": {
    "down": 0.530750222102772,
    "flat": 0.5540135326154741,
    "up": 0.49418230122920004
  },
  "macro": 0.5263153519824821,
  "balance": {
    "down": 0.35122930255895635,
    "flat": 0.17109884596086303,
    "up": 0.47767185148018065
  },
  "flat_band": 0.003
}