{
  "alert_5pct": {
    "threshold": 0.6116797302626688,
    "tp": 5,
    "fp": 51,
    "fn": 64,
    "tn": 990,
    "precision": 0.08928571428571429,
    "recall": 0.07246376811594203,
    "f1": 0.08,
    "f2": 0.07530120481927711
  },
  "alert_10pct": {
    "threshold": 0.39138532137350274,
    "tp": 9,
    "fp": 102,
    "fn": 60,
    "tn": 939,
    "precision": 0.08108108108108109,
    "recall": 0.13043478260869565,
    "f1": 0.1,
    "f2": 0.11627906976744184
  },
  "alert_15pct": {
    "threshold": 0.2694309800251757,
    "tp": 12,
    "fp": 155,
    "fn": 57,
    "tn": 886,
    "precision": 0.0718562874251497,
    "recall": 0.17391304347826086,
    "f1": 0.10169491525423728,
    "f2": 0.13544018058690743
  },
  "alert_20pct": {
    "threshold": 0.18410377873716496,
    "tp": 15,
    "fp": 207,
    "fn": 54,
    "tn": 834,
    "precision": 0.06756756756756757,
    "recall": 0.21739130434782608,
    "f1": 0.10309278350515463,
    "f2": 0.15060240963855423
  },
  "max_f1": {
    "threshold": 0.01764,
    "tp": 47,
    "fp": 501,
    "fn": 22,
    "tn": 540,
    "precision": 0.08576642335766424,
    "recall": 0.6811594202898551,
    "f1": 0.15235008103727715,
    "f2": 0.2851941747572816
  }
}