{
  "out_of_time": {
    "LLM_zeroshot": {
      "auroc": 0.5571492503915865,
      "pr_auc": 0.08138340821228585,
      "base_rate": 0.06996587030716724
    },
    "news_volume": {
      "auroc": 0.35600805549339887,
      "pr_auc": 0.05145624203938684,
      "base_rate": 0.06996587030716724
    },
    "GBM_technical_only": {
      "auroc": 0.6824345491161334,
      "pr_auc": 0.12719298849596075,
      "base_rate": 0.06996587030716724
    },
    "GBM_full_ensemble": {
      "auroc": 0.6673976281047214,
      "pr_auc": 0.13867710906912173,
      "base_rate": 0.06996587030716724
    },
    "Logistic_stack": {
      "auroc": 0.6610427388677557,
      "pr_auc": 0.11771719989593096,
      "base_rate": 0.06996587030716724
    }
  },
  "walk_forward": {
    "ensemble_walkforward": {
      "auroc": 0.6151551938611873,
      "pr_auc": 0.10946695932149358,
      "base_rate": 0.06660231660231661
    },
    "LLM_zeroshot_samefolds": {
      "auroc": 0.5766452347766138,
      "pr_auc": 0.08202937351682334,
      "base_rate": 0.06660231660231661
    },
    "n_eval": 1036
  },
  "importance": [
    [
      "downside_5d",
      0.08171626762139178
    ],
    [
      "vol_20d",
      0.03098903557842912
    ],
    [
      "ret_1d",
      0.019740434101588666
    ],
    [
      "log_news",
      0.01569478630566118
    ],
    [
      "crash_prob",
      0.012830610874916054
    ],
    [
      "dd_from_high_20d",
      0.007061982546430939
    ],
    [
      "log_edges",
      0.005133139404788512
    ],
    [
      "ret_5d",
      -0.002486014768404604
    ],
    [
      "vol_10d",
      -0.0052204072499441034
    ],
    [
      "ret_10d",
      -0.012101141194898229
    ]
  ]
}