{
  "out_of_time": {
    "LLM_zeroshot": {
      "auroc": 0.5571492503915865,
      "pr_auc": 0.08138340821228585,
      "base_rate": 0.06996587030716724
    },
    "news_volume": {
      "auroc": 0.35600805549339887,
      "pr_auc": 0.05145624203938684,
      "base_rate": 0.06996587030716724
    },
    "GBM_technical_only": {
      "auroc": 0.698232266726337,
      "pr_auc": 0.12592363170971257,
      "base_rate": 0.06996587030716724
    },
    "GBM_full_ensemble": {
      "auroc": 0.6704408144998881,
      "pr_auc": 0.13577721584420147,
      "base_rate": 0.06996587030716724
    },
    "Logistic_stack": {
      "auroc": 0.6538375475497875,
      "pr_auc": 0.10886670810634066,
      "base_rate": 0.06996587030716724
    }
  },
  "walk_forward": {
    "ensemble_walkforward": {
      "auroc": 0.604206945131364,
      "pr_auc": 0.10222811695413508,
      "base_rate": 0.06660231660231661
    },
    "LLM_zeroshot_samefolds": {
      "auroc": 0.5766452347766138,
      "pr_auc": 0.08202937351682334,
      "base_rate": 0.06660231660231661
    },
    "n_eval": 1036
  },
  "importance": [
    [
      "downside_5d",
      0.05334079212351757
    ],
    [
      "pf_range",
      0.03715148802864178
    ],
    [
      "log_news",
      0.026639069142985028
    ],
    [
      "crash_prob",
      0.014090400537032921
    ],
    [
      "vol_20d",
      0.010183486238532135
    ],
    [
      "ret_1d",
      0.010073842022823937
    ],
    [
      "log_edges",
      0.007889908256880745
    ],
    [
      "dd_from_high_20d",
      0.0033765943164018875
    ],
    [
      "vol_10d",
      0.002251062877601262
    ],
    [
      "ret_5d",
      0.00029984336540613834
    ],
    [
      "ret_10d",
      -0.011112105616469026
    ]
  ]
}